K,recal,obj,metric,diff,lo95,hi95,lo90,hi90,equivalent,n
16,raw,brier,brier,-0.011740339558206891,-0.02410204325946525,-0.001626996907024808,-0.021343648735687677,-0.001667769826351828,False,5
16,raw,brier,ece,-0.01776595542704511,-0.039372156496526145,-0.00028946199719226406,-0.03524244885689796,-0.0018214886012322946,,5
16,raw,ce_ls,brier,0.000511679674298049,-0.017970010564711536,0.013197530660042122,-0.015159936951211173,0.011584871845566957,False,5
16,raw,ce_ls,ece,0.001576539789568393,-0.03177045460344856,0.027142327059273424,-0.025102168569087452,0.025344891666784407,,5
16,raw,spherical,brier,-0.030107169431890228,-0.04948831795683659,-0.010726020906943867,-0.04688704211756735,-0.014387968040148968,False,5
16,raw,spherical,ece,-0.05285825837884041,-0.09122582521033559,-0.014490691547345225,-0.08939121945445835,-0.01557673875730324,,5
16,temp,brier,brier,-0.009125035727409147,-0.023266950957094284,0.00687043071080366,-0.02188035995468913,0.003630288499870832,False,5
16,temp,brier,ece,-0.014452282383256762,-0.0578955655691472,0.025300291177633473,-0.05065544071082647,0.01918773937935215,,5
16,temp,ce_ls,brier,0.007682342652687862,0.0036222299178160057,0.012744532520524505,0.00403311171493928,0.011913887704121245,False,5
16,temp,ce_ls,ece,0.021686604760164173,0.011705104922830908,0.03067027544955232,0.013690779961163602,0.029290258748022,,5
16,temp,spherical,brier,-0.02553092720405844,-0.04715093159771703,-0.01227868274647626,-0.045526533731119936,-0.012631170833574701,False,5
16,temp,spherical,ece,-0.06448740581838547,-0.12249861497749936,-0.027229318072192067,-0.11524609003967082,-0.029062512638264613,,5
64,raw,brier,brier,0.0007322360239280651,-0.008157210453103489,0.011843749927367041,-0.0062700296959363215,0.00965290911653222,False,5
64,raw,brier,ece,-0.0031142121465407417,-0.016151459253868544,0.013959985557831423,-0.014816378812977492,0.011074227586709253,,5
64,raw,ce_ls,brier,-0.002512730024534121,-0.005250942587763785,0.0002127413012348589,-0.004728843119981907,-0.00017449422255692016,True,5
64,raw,ce_ls,ece,-0.010909261171878428,-0.021648595264896323,-0.00016992707886053225,-0.020172348693338123,-0.001812523909436231,,5
64,raw,spherical,brier,-0.005818573011848485,-0.01098562474983944,-0.0013486249045610065,-0.010334831396441212,-0.001834283271779219,False,5
64,raw,spherical,ece,-0.007235246185580553,-0.014425373298827208,0.0013410119353358286,-0.0138923661935401,-0.0005007312450388795,,5
64,temp,brier,brier,0.00045802747792328955,-0.006520230445741876,0.0093371340505299,-0.0057122893389750795,0.00756609638029328,False,5
64,temp,brier,ece,-0.0026691161294704058,-0.014261787855906491,0.010673812371672467,-0.01332655755945332,0.00892355559696568,,5
64,temp,ce_ls,brier,-0.00019749556064874163,-0.0029286501263953877,0.0024631021873924076,-0.0027875364909843935,0.002162798203919525,True,5
64,temp,ce_ls,ece,-0.007030474592132044,-0.014950797994008608,0.0020658417088163876,-0.013862997769814958,0.0005969836261683293,,5
64,temp,spherical,brier,-0.005306234684227862,-0.011960306791329044,-0.00039618597937398227,-0.01025852311849768,-0.0007569886073015009,False,5
64,temp,spherical,ece,-0.008667230213397454,-0.024604520839082655,0.01101247480053431,-0.02257822110437367,0.0065569530489249074,,5
256,raw,brier,brier,-0.0039543398922292335,-0.011441218951917992,0.002249521359822568,-0.010278630606698461,0.001682029089025458,False,5
256,raw,brier,ece,-0.016373504656056092,-0.03023986059213536,-0.0018314432716589348,-0.027855126595359558,-0.0036729208243649267,,5
256,raw,ce_ls,brier,-0.000937872361326375,-0.006369173637746717,0.005634034810104477,-0.00562947430737046,0.003847339201742428,False,5
256,raw,ce_ls,ece,-0.01150234990034795,-0.028242229267958073,0.013491432750297034,-0.02754458172941049,0.006093783905856106,,5
256,raw,spherical,brier,-0.003945945190625455,-0.008807218906614022,0.0011092524108219065,-0.008142189212351011,3.421598590057917e-05,False,5
256,raw,spherical,ece,-0.023990745257132316,-0.03488682096600724,-0.007846288789244812,-0.03415121139117249,-0.012535835789152494,,5
256,temp,brier,brier,-0.0020584005684826183,-0.007895763592566196,0.002249302708411455,-0.006652441566613032,0.002004359052406754,False,5
256,temp,brier,ece,-0.008758945205191543,-0.01471460863416862,-0.0035363048709256815,-0.01356211817529598,-0.0044844559303561324,,5
256,temp,ce_ls,brier,0.0016905539907769995,-0.0031746678515655797,0.007326843683643031,-0.002574202535555156,0.006542227624263835,False,5
256,temp,ce_ls,ece,0.0016864319755969873,-0.015592675431052732,0.017479255905829737,-0.012247575483079897,0.01469103119849594,,5
256,temp,spherical,brier,-0.0012928399683764635,-0.004751218119561279,0.001900072325184851,-0.004188484666563544,0.001337338872187116,True,5
256,temp,spherical,ece,-0.010280696885581248,-0.01928667939475142,-0.002533073769019169,-0.017771486284387194,-0.0030983488462799176,,5
