Objective,$K$,Recal.,$\Delta$Brier,95\% CI,Equiv.
brier,16,raw,-0.0117,-0.0241---0.0016,no
ce_ls,16,raw,0.0005,-0.0180--0.0132,no
spherical,16,raw,-0.0301,-0.0495---0.0107,no
brier,16,temp,-0.0091,-0.0233--0.0069,no
ce_ls,16,temp,0.0077,0.0036--0.0127,no
spherical,16,temp,-0.0255,-0.0472---0.0123,no
brier,64,raw,0.0007,-0.0082--0.0118,no
ce_ls,64,raw,-0.0025,-0.0053--0.0002,yes
spherical,64,raw,-0.0058,-0.0110---0.0013,no
brier,64,temp,0.0005,-0.0065--0.0093,no
ce_ls,64,temp,-0.0002,-0.0029--0.0025,yes
spherical,64,temp,-0.0053,-0.0120---0.0004,no
brier,256,raw,-0.0040,-0.0114--0.0022,no
ce_ls,256,raw,-0.0009,-0.0064--0.0056,no
spherical,256,raw,-0.0039,-0.0088--0.0011,no
brier,256,temp,-0.0021,-0.0079--0.0022,no
ce_ls,256,temp,0.0017,-0.0032--0.0073,no
spherical,256,temp,-0.0013,-0.0048--0.0019,yes
