K,obj,d,recal,T,auroc,auprc,brier,logloss,ece,slope,intercept,citl
16,ce,0,raw,7.7892763991246055,0.6614647539011996,0.23125648804627252,0.24478577899354498,1.7719267065802917,0.24400337098462033,0.06516823681400004,-1.3700245573671022,-4.635472748809268
16,ce,0,temp,7.7892763991246055,0.6614647539011996,0.23125648804627252,0.17662033331534593,0.5354172922065433,0.18279430822011894,0.5075578723072018,-1.3701345300808196,-1.1788875481440153
16,ce,1,raw,2.0667644261075813,0.5318654349198713,0.23761881157026044,0.1554064577820477,0.6136408359389638,0.14506406448256629,0.13009215054768633,-1.306005687574322,0.39748485533718714
16,ce,1,temp,2.0667644261075813,0.5318654349198713,0.23761881157026044,0.15104586133281583,0.48164994486344015,0.10961560493377367,0.2688817540442618,-1.3059358262327285,-0.4910058745081055
16,ce,2,raw,2.7709432577204898,0.45786478847830664,0.17296604940544982,0.20870027709814593,0.6879684003326052,0.20654954761360406,-0.0849983229740865,-1.7808174961166598,-1.1053072989692772
16,ce,2,temp,2.7709432577204898,0.45786478847830664,0.17296604940544982,0.20983347867682217,0.6136311042381958,0.2710326657138686,-0.23556521666443575,-1.7803337456245505,-1.3441777611719021
16,ce,3,raw,1.412036692798611,0.5847580730027963,0.19326770747320152,0.14826416868792977,0.46991000836876823,0.10492220926744872,0.2938403213528633,-1.2003929917358982,-0.29048123710127
16,ce,3,temp,1.412036692798611,0.5847580730027963,0.19326770747320152,0.14923798699923377,0.46991345002758744,0.10148045981784261,0.4143892348156788,-1.2011351633952156,-0.6297260868405723
16,ce,4,raw,1.1770431918985096,0.513375139060104,0.17225871274060972,0.14477092186095547,0.46464686356931423,0.0966403729715869,0.08699752416648991,-1.5524623248025522,-0.38231076556932
16,ce,4,temp,1.1770431918985096,0.513375139060104,0.17225871274060972,0.1477194652956934,0.4718410697969938,0.1050862239310561,0.10395053801621751,-1.5500015707374175,-0.5628016917713256
16,brier,0,raw,5.978727418103812,0.6718435235575333,0.25093863893122037,0.24460733666897003,1.326683749892908,0.2417636550494935,0.091823039345269,-1.4528625266154853,-3.969658526167781
16,brier,0,temp,5.978727418103812,0.6718435235575333,0.25093863893122037,0.19035163955632098,0.5699169154289516,0.22257484911439387,0.5490907758709869,-1.452896423398447,-1.3564506877778761
16,brier,1,raw,1.1576310118187165,0.5756148711626928,0.2089778967632151,0.13566749375302578,0.4505974926854667,0.08563147447021122,0.33774647401355534,-0.985941882392426,0.2643936700614495
16,brier,1,temp,1.1576310118187165,0.5756148711626928,0.2089778967632151,0.13471164557230197,0.4414971834132657,0.08563997875984815,0.39096888003471736,-0.9863754283960047,0.016319660955327928
16,brier,2,raw,0.8314660263048235,0.4072732192789921,0.16366699788151945,0.17516934045023613,0.5410191542830669,0.1821732448548033,-0.36659074023659594,-2.055057522155331,-0.8420141337144559
16,brier,2,temp,0.8314660263048235,0.4072732192789921,0.16366699788151945,0.17317723584283992,0.5422471667129711,0.1703269151093172,-0.30463198926011353,-2.0548449965276996,-0.7069592246481036
16,brier,3,raw,1.2185118504240384,0.6248233560840675,0.20765756117511147,0.1456714687259384,0.4537386897027788,0.0963277505252706,0.4529309861059212,-1.0284308179543709,-0.4292725886217567
16,brier,3,temp,1.2185118504240384,0.6248233560840675,0.20765756117511147,0.14581710441478035,0.4558736003157881,0.10506037642051388,0.5516523747188068,-1.0290106541469648,-0.6044738541720256
16,brier,4,raw,1.1367396486036245,0.48799197209777806,0.1639538953484888,0.14211026703341906,0.45835499817678005,0.10245366328482214,0.2092072334718182,-1.3900607011105877,-0.3950995736380423
16,brier,4,temp,1.1367396486036245,0.48799197209777806,0.1639538953484888,0.14477432159662215,0.46507893878736106,0.114145731296303,0.2377693837703834,-1.3900685879014656,-0.5387845110502988
16,spherical,0,raw,2.3749875321587997,0.6648905183559337,0.2254797931740164,0.19218697870661552,0.6233614719045466,0.16038069386169557,0.1717765205111135,-1.3324861815067293,-0.4535027059596651
16,spherical,0,temp,2.3749875321587997,0.6648905183559337,0.2254797931740164,0.1663147728819937,0.5099274776913887,0.14104649414707693,0.4081775701442464,-1.332209010469533,-0.9580083210652528
16,spherical,1,raw,0.8798134888467745,0.6003468985838419,0.2241074159688881,0.1313664483419288,0.42967478395575215,0.051606545920500554,1.320052165938304,0.6118901576897678,0.06513525280568587
16,spherical,1,temp,0.8798134888467745,0.6003468985838419,0.2241074159688881,0.13259949336362065,0.43462724963651794,0.05249187561896716,1.1611667288704965,0.6114032477587354,0.298968348318913
16,spherical,2,raw,0.591142096173825,0.40752315162813074,0.135281342092402,0.14959828721304336,0.4816615691767753,0.1137538417112932,-1.1206539582700998,-2.9591581232415125,-0.5902783228231606
16,spherical,2,temp,0.591142096173825,0.40752315162813074,0.135281342092402,0.141407503491402,0.476257921171046,0.09470018346673097,-0.6617806335489249,-2.9575098439902265,0.12482615631086741
16,spherical,3,raw,0.7011274801603928,0.5991761628431402,0.19475757823470707,0.13919939491472297,0.4540102751626396,0.10551221141932293,1.6380129964416232,0.08742092290925177,-0.5868975602674811
16,spherical,3,temp,0.7011274801603928,0.5991761628431402,0.19475757823470707,0.1308104372328961,0.42810992578513585,0.06883138794919917,1.14941976097032,0.08903921464050485,-0.13478728070975046
16,spherical,4,raw,0.8732038370388782,0.4923009561321747,0.1529193830675428,0.13904064808686206,0.45359291111457456,0.101634980512812,0.46370665829438584,-1.1173790965313777,-0.48173434879798893
16,spherical,4,temp,0.8732038370388782,0.4923009561321747,0.1529193830675428,0.13567028262970648,0.44392945178628407,0.09050229234275829,0.4059597455375473,-1.115320617617633,-0.3113066870633207
16,ce_ls,0,raw,2.684992568406448,0.6634548167413332,0.2676758281004647,0.21148694611232155,0.707627509178968,0.1806587041377954,0.1876963485129743,-1.3888179405769427,-1.3371031821242287
16,ce_ls,0,temp,2.684992568406448,0.6634548167413332,0.2676758281004647,0.17918973700386784,0.5418206991503591,0.1869180075499053,0.5040346478079717,-1.3889780759032637,-1.2261510184558502
16,ce_ls,1,raw,1.5183674147650055,0.5471000330737544,0.22422129352058803,0.163423217689667,0.5316005145147289,0.14510295267590362,0.17650055614038898,-1.34288255904446,-0.27869190162907315
16,ce_ls,1,temp,1.5183674147650055,0.5471000330737544,0.22422129352058803,0.1587119910245162,0.49295655543170314,0.13263808450364387,0.26801672246990504,-1.342923302255837,-0.6407410999836333
16,ce_ls,2,raw,4.501599022774928,0.4305770618479209,0.17429479157670225,0.22777386807570404,0.7626961641276212,0.24655629769170162,-0.13575459825761008,-1.8329904477381165,-1.3622749377076628
16,ce_ls,2,temp,4.501599022774928,0.4305770618479209,0.17429479157670225,0.2276067200365249,0.6486150231791121,0.30616508399023745,-0.6104270309135873,-1.832416109017631,-1.4886070794010609
16,ce_ls,3,raw,1.309956203391458,0.5470746640007216,0.17800842904788083,0.15328739159798607,0.4837435396049472,0.11158752917374073,0.20171977464676064,-1.3918070049657723,-0.4858302095582195
16,ce_ls,3,temp,1.309956203391458,0.5470746640007216,0.17800842904788083,0.15596061476977197,0.4884498747842327,0.1176028558800612,0.2637674874512061,-1.392814568794058,-0.7219799486481195
16,ce_ls,4,raw,1.1494264878623721,0.47984098289184884,0.18437563602903784,0.14851457931843542,0.47834065804160614,0.12115678058852689,-0.040314833064557375,-1.7267704590567388,-0.46939963671105606
16,ce_ls,4,temp,1.1494264878623721,0.47984098289184884,0.18437563602903784,0.15139977604866953,0.4838611924221312,0.13511825449363293,-0.046529722688928014,-1.7270267851218886,-0.612514538543034
64,ce,0,raw,2.367738772322704,0.6009181725247301,0.28857159690554324,0.14240020748753732,0.5354395008399185,0.09072810384358282,0.24372613695155407,-1.0698605493977655,0.4625431367580962
64,ce,0,temp,2.367738772322704,0.6009181725247301,0.28857159690554324,0.14292754707988994,0.4626842303900577,0.11037695164167913,0.5770710180134164,-1.0703295054240838,-0.6873676075540889
64,ce,1,raw,1.5757606537066737,0.6309128732072522,0.3269083106181966,0.12595631632029702,0.43043854011197197,0.049364056266901636,0.6454292347925649,-0.2889962594715071,0.4075633001730176
64,ce,1,temp,1.5757606537066737,0.6309128732072522,0.3269083106181966,0.12713872357322148,0.4219739565608311,0.0696300319542468,1.0184057661390666,-0.28769638653830276,-0.3111281595194117
64,ce,2,raw,1.414063889172932,0.7024423840163565,0.2929135663626685,0.16614795463844256,0.597675833429587,0.11266522184122253,0.2885952740694428,-1.3564228558707865,-1.1209082414217137
64,ce,2,temp,1.414063889172932,0.7024423840163565,0.2929135663626685,0.16172588966160606,0.5319505567543237,0.12311384725172875,0.40813705502726305,-1.3563663793381118,-1.1846445381058288
64,ce,3,raw,1.6411334052792292,0.522167871854235,0.2268408697576217,0.1446661766721636,0.5172320552809079,0.08600876683919273,0.24518905617544007,-1.107192714774404,0.6506917758856676
64,ce,3,temp,1.6411334052792292,0.522167871854235,0.2268408697576217,0.13778582087364116,0.4535144418596142,0.06881407867048354,0.402221428645714,-1.107151257977176,-0.2983254824746948
64,ce,4,raw,1.1439527616493546,0.6478772663038576,0.2267494306940392,0.1532008120504185,0.5115228377369512,0.08925547196688352,0.2703600386440373,-1.1882238256769133,-0.32409518658389597
64,ce,4,temp,1.1439527616493546,0.6478772663038576,0.2267494306940392,0.1519324079651945,0.4932017900383194,0.08755840136924878,0.3093087534705888,-1.1883007183887673,-0.4417092779678183
64,brier,0,raw,2.229169978503059,0.598881129919721,0.2872163184860567,0.14072066284881862,0.4940729220070497,0.0858136638240627,0.32153849753188773,-0.9368387223101234,0.4416848074154254
64,brier,0,temp,2.229169978503059,0.598881129919721,0.2872163184860567,0.13975833283184147,0.45396344253454035,0.0998447609881655,0.7167285254088412,-0.9370952191951301,-0.6741602347076009
64,brier,1,raw,1.2630780825742307,0.6906852280585706,0.3309698739125721,0.1232327545038384,0.404657503751959,0.028305713407186003,1.1301838939168192,0.261754277865292,0.04754886621650395
64,brier,1,temp,1.2630780825742307,0.6906852280585706,0.3309698739125721,0.12496850957471964,0.41300599866278653,0.05132312880265645,1.4291280324073667,0.26385406225585684,-0.2983014234871451
64,brier,2,raw,1.3509291736120856,0.7002446706154725,0.3024342025620539,0.18700723427653343,0.6501874791327807,0.14236432466253507,0.27718632697513235,-1.4296240270447664,-1.5808141528516855
64,brier,2,temp,1.3509291736120856,0.7002446706154725,0.3024342025620539,0.17873458907815712,0.575302313397481,0.14205162160203394,0.374530093285644,-1.4296348852276803,-1.4470388119224828
64,brier,3,raw,1.653413936153899,0.5098497775038335,0.22212793642162187,0.14450493230178318,0.5138430702880142,0.0835744714296079,0.24446078537730662,-1.1169382864650843,0.590833937330853
64,brier,3,temp,1.653413936153899,0.5098497775038335,0.22212793642162187,0.13843308919339517,0.4545410063971657,0.0790005691472548,0.4039301321618705,-1.1170123908752476,-0.337188528933623
64,brier,4,raw,0.8844180751920397,0.6522191361736672,0.24281649440588077,0.1405670633575257,0.4467275280975042,0.07239238670168785,0.456264297670654,-0.9610150079668075,-0.27587148650548315
64,brier,4,temp,0.8844180751920397,0.6522191361736672,0.24281649440588077,0.1419060058650562,0.45442962274918514,0.07392764969992428,0.40359667704014107,-0.9606941283523132,-0.12944995187909134
64,spherical,0,raw,2.2340182723034823,0.7203717414835082,0.35603600707846295,0.12846999669772244,0.4522659155418243,0.07691313258262485,0.5498173367694196,-0.23426829436676885,0.8477008036306624
64,spherical,0,temp,2.2340182723034823,0.7203717414835082,0.35603600707846295,0.12605600381701132,0.4181845039513482,0.08131690905098707,1.2296039411468356,-0.23291555661718955,-0.4860273536123592
64,spherical,1,raw,1.223669553151039,0.713725044348898,0.3356215798581171,0.12373255756493355,0.4043417045817503,0.03744017120655793,1.8935638638937433,1.3608919295583617,-0.02467723131366907
64,spherical,1,temp,1.223669553151039,0.713725044348898,0.3356215798581171,0.1261086610067794,0.41547194394193765,0.06184029241612319,2.316817536568132,1.36036754269996,-0.3176742871985977
64,spherical,2,raw,1.1192711074609614,0.6720126507110857,0.31214723678949424,0.16368670728151374,0.5259427221796621,0.11088869264922666,0.35703239460769526,-1.2494214985446752,-0.8852942161514352
64,spherical,2,temp,1.1192711074609614,0.6720126507110857,0.31214723678949424,0.16047921309815918,0.5087711906812306,0.1051926090400602,0.3996307489926569,-1.249492097506134,-0.928062411509085
64,spherical,3,raw,1.8313237706203462,0.46341121951952857,0.22988980727964076,0.1448647725378521,0.5209264497192622,0.0934409535490704,0.2219986787322377,-1.1350675845011637,0.712649778514845
64,spherical,3,temp,1.8313237706203462,0.46341121951952857,0.22988980727964076,0.13855435609691158,0.4545691061005282,0.0991156954791531,0.4069557681982688,-1.1344699397239653,-0.39312837850738946
64,spherical,4,raw,0.8641226331528287,0.6582203313388857,0.2578620611056002,0.14252456802759475,0.44779431087112137,0.07316243984240065,0.5302955542452338,-0.9854802259387283,-0.5113085703489063
64,spherical,4,temp,0.8641226331528287,0.6582203313388857,0.2578620611056002,0.14378098171355236,0.45152603018403487,0.06869165383407617,0.45840077882327157,-0.9848415560661111,-0.37405333758146453
64,ce_ls,0,raw,1.5953893100577365,0.6010365615322169,0.2923493438510603,0.1373665636043962,0.4590086042839151,0.08060914301806371,0.3928081777544121,-0.9800860671761624,-0.06760938139060524
64,ce_ls,0,temp,1.5953893100577365,0.6010365615322169,0.2923493438510603,0.13869273941331156,0.4501004203375212,0.09596799441825976,0.6264477685566238,-0.9805184764189965,-0.6192077354823087
64,ce_ls,1,raw,1.2717113817440626,0.6467234432785111,0.29351276194346926,0.1269806829660603,0.4174356200106256,0.031032111288504034,0.7443432820275483,-0.4704812675545424,-0.10018280199297624
64,ce_ls,1,temp,1.2717113817440626,0.6467234432785111,0.29351276194346926,0.12989311493488293,0.42570782705267096,0.05794400752715753,0.9468984504784108,-0.47007454482823086,-0.4082468048995323
64,ce_ls,2,raw,1.1610893207441366,0.6745796250638925,0.27952625434753153,0.16723602747150926,0.562327480727959,0.12003761252455886,0.3308912658489536,-1.365210553841763,-1.1510948965838448
64,ce_ls,2,temp,1.1610893207441366,0.6745796250638925,0.27952625434753153,0.16598180094063192,0.5410714126030094,0.1328071471788455,0.3843819467893533,-1.3651867961374118,-1.1796947795821284
64,ce_ls,3,raw,1.2711276970824519,0.5565439054090622,0.24657760963200653,0.13812119721798638,0.4626980303126967,0.05527870406810908,0.3495983078636967,-1.0292355925627092,0.1608978632398762
64,ce_ls,3,temp,1.2711276970824519,0.5565439054090622,0.24657760963200653,0.1357279424407011,0.4464812143770167,0.051689053122426026,0.44454561604998655,-1.0286555738156855,-0.24773992552765903
64,ce_ls,4,raw,0.9703495733075275,0.6518019558615713,0.23847080842303323,0.15010334578623627,0.4809673993101496,0.08651774399915542,0.34938786717060066,-1.1703838101249073,-0.503607407081374
64,ce_ls,4,temp,0.9703495733075275,0.6518019558615713,0.23847080842303323,0.15022731362078193,0.4832306782574007,0.08593273568003795,0.33899855134861706,-1.1704202751569164,-0.4782255998058746
256,ce,0,raw,1.3493427782946965,0.7296333323310984,0.37130978740216963,0.14031617680840042,0.46416433220205316,0.09770999106264801,0.40704018445176776,-0.9396256555305722,-0.34393850847502117
256,ce,0,temp,1.3493427782946965,0.7296333323310984,0.37130978740216963,0.13566419831386065,0.4301194763323918,0.07957200085955156,0.5496452099610537,-0.93917573267176,-0.5625412177088103
256,ce,1,raw,1.0196963787024032,0.7525312697315012,0.4135809124905932,0.1173116978164,0.4163043901705575,0.052952401363863255,0.517764054488247,-0.43015033432767324,0.34518240205776973
256,ce,1,temp,1.0196963787024032,0.7525312697315012,0.4135809124905932,0.11715218202650604,0.41318969261399663,0.05156033304036193,0.5279431049793926,-0.43018723146371435,0.3187290275295253
256,ce,2,raw,1.4251072727777634,0.7461749075438228,0.3798355528200448,0.12890104306536726,0.45110283074866847,0.08377068443443035,0.4493624672271446,-0.531365513097539,0.5078267100603093
256,ce,2,temp,1.4251072727777634,0.7461749075438228,0.3798355528200448,0.12318739649238869,0.3998266170178765,0.05276367892457942,0.640520447786514,-0.5316379949216369,-0.022907570792476867
256,ce,3,raw,0.7857849107034457,0.768751503352476,0.40602106327629045,0.1141756148374223,0.37363182867560857,0.021174603914650106,0.815151218047486,-0.2185764189126673,0.04464351588127731
256,ce,3,temp,0.7857849107034457,0.768751503352476,0.40602106327629045,0.11656934787950197,0.3928204706604221,0.046378198048827535,0.6404996572280814,-0.218690562988197,0.4071068226878173
256,ce,4,raw,1.456287639061153,0.7377908987041102,0.3423954544523035,0.12469699150565176,0.4337363486980354,0.06460710269529105,0.48190318345894756,-0.5344758667223699,0.27492632949307866
256,ce,4,temp,1.456287639061153,0.7377908987041102,0.3423954544523035,0.12394329776012494,0.4018543156297475,0.0558760198087159,0.7018305885318058,-0.5347587981177514,-0.17193736747057803
256,brier,0,raw,1.2168935072105183,0.747935709131363,0.3855277555371595,0.12310958842147385,0.4164399792639391,0.07027664649873308,0.5042129054390561,-0.7131637874158233,-0.18622822533473082
256,brier,0,temp,1.2168935072105183,0.747935709131363,0.3855277555371595,0.12383049950756027,0.40434665859224367,0.07151652226134313,0.6136352846610397,-0.7132904290420605,-0.34600954712287646
256,brier,1,raw,0.8975791673980997,0.7207118749812081,0.3757903287095288,0.11967940621234598,0.39959692791834794,0.04227200518527074,0.6749355276891188,-0.4248100974597078,0.08741068808877094
256,brier,1,temp,0.8975791673980997,0.7207118749812081,0.3757903287095288,0.12061242610500517,0.40854948258943424,0.051036810654291415,0.6057949081444508,-0.424966964026867,0.25705082871395096
256,brier,2,raw,0.9840699510394991,0.7489194654078595,0.3808163241344289,0.12094700507061103,0.4020930668384549,0.0460754970283739,0.6456313461802371,-0.28738416757874635,0.3616376914470414
256,brier,2,temp,0.9840699510394991,0.7489194654078595,0.3808163241344289,0.12121384469892406,0.4040607771686515,0.04742551002203639,0.6354858844024343,-0.2872351966466094,0.3901352608162346
256,brier,3,raw,0.9591016957031954,0.7500986575062389,0.33458564538883495,0.11933792963067154,0.38713305999729836,0.03334196558331851,1.0097445712982906,0.22192200477171165,0.2055440858139617
256,brier,3,temp,0.9591016957031954,0.7500986575062389,0.33458564538883495,0.1198226216318429,0.38901407188767917,0.035679300974273964,0.9684625852227265,0.221950694224493,0.2767387848661383
256,brier,4,raw,1.2816447745119122,0.735023790552933,0.36064030063100894,0.12255589523699319,0.40909581329729927,0.04638114589490608,0.6186123229995973,-0.35723844394245535,0.28357121375319483
256,brier,4,temp,1.2816447745119122,0.735023790552933,0.36064030063100894,0.12074502768663681,0.3934980621200641,0.03669736074413373,0.792786139437164,-0.3570207280181367,-0.07313432338026575
256,spherical,0,raw,0.9690545535057276,0.7312381610992513,0.32063262284799915,0.1291345227174642,0.41363905602929196,0.06066118823380087,0.5886953527940788,-0.7237184205310487,-0.2613212838888546
256,spherical,0,temp,0.9690545535057276,0.7312381610992513,0.32063262284799915,0.12930344110950587,0.41528246123294316,0.06247938786215457,0.5703054889507146,-0.7238570866809536,-0.23024122044394552
256,spherical,1,raw,0.8012995582634819,0.7174120162963409,0.3800145591499537,0.1174413138108759,0.38761715096659477,0.0267135078492156,0.8962842768328863,-0.09766489095908118,0.0659606928770961
256,spherical,1,temp,0.8012995582634819,0.7174120162963409,0.3800145591499537,0.11977966748405049,0.4027512551679082,0.04622528471165616,0.7179507387001665,-0.09790684502726238,0.44640195294604773
256,spherical,2,raw,0.9529490114269389,0.7429060555037734,0.37744647257840014,0.1210445374457461,0.4063590937770505,0.051059574250084463,0.6211251262329144,-0.33402420615285483,0.32024898769828203
256,spherical,2,temp,0.9529490114269389,0.7429060555037734,0.37744647257840014,0.12165223040901446,0.4126746542313766,0.05507565128948048,0.5918249587198663,-0.33438936491588084,0.3991573924407615
256,spherical,3,raw,0.9011067191329397,0.7493591960070958,0.3621797473209254,0.11859999873050724,0.3857296192433066,0.02919335471374035,1.14005185070843,0.39061292739978815,0.1610045326909612
256,spherical,3,temp,0.9011067191329397,0.7493591960070958,0.3621797473209254,0.11972241921616712,0.3899156091776544,0.03975898113134111,1.0274453489183453,0.3909425645942946,0.34140908169233447
256,spherical,4,raw,1.0916707882019436,0.7376565365765657,0.35620436689306073,0.11945142537552103,0.3915257217065551,0.03263343213837989,0.8498972737917463,-0.1609137388081806,0.0580373527782122
256,spherical,4,temp,1.0916707882019436,0.7376565365765657,0.35620436689306073,0.11959446441176204,0.3905878833645364,0.031207441259497787,0.9277150992539335,-0.1610028202203672,-0.06283908589131948
256,ce_ls,0,raw,1.0214602993476862,0.7277813899996993,0.36820957938128057,0.13171363129571806,0.4188814452235646,0.06907033282835436,0.5955134412727238,-0.8356006620958943,-0.45877309639566644
256,ce_ls,0,temp,1.0214602993476862,0.7277813899996993,0.36820957938128057,0.1315838315807372,0.4181834271497422,0.06818376626305123,0.6082382192426979,-0.8356839564642111,-0.47568283447949783
256,ce_ls,1,raw,0.7568893801064754,0.7529540876153823,0.41124218385638367,0.1157032609049532,0.3807606836166179,0.037557635539692984,0.7465050046365288,-0.40021831380715606,-0.07164766319112835
256,ce_ls,1,temp,0.7568893801064754,0.7529540876153823,0.41124218385638367,0.1178035328340081,0.4052447977033387,0.05538526995402314,0.5649906047704102,-0.40035159213179633,0.2915600190211619
256,ce_ls,2,raw,1.0599812963485937,0.7387502255028714,0.37910638170625827,0.12776375725726294,0.4122771008669722,0.06409464641729043,0.5816953147231881,-0.6675003578578627,-0.06654190651209518
256,ce_ls,2,temp,1.0599812963485937,0.7387502255028714,0.37910638170625827,0.12684107387994287,0.4083239423641345,0.061235657017130296,0.6166405223506345,-0.6670856085671336,-0.1454800249344984
256,ce_ls,3,raw,0.8004031325575065,0.7430225653206651,0.34898513789840296,0.1257354671056061,0.4038222664610693,0.059501212415545776,0.6349647594615351,-0.6617443755671363,-0.24243971678214477
256,ce_ls,3,temp,0.8004031325575065,0.7430225653206651,0.34898513789840296,0.12894556414885636,0.42456460370617954,0.07736837067457557,0.5080721957056161,-0.661873593748228,0.00039713786139928343
256,ce_ls,4,raw,0.9991897835073847,0.7288685017589224,0.3607738690481294,0.11979604566306958,0.391907911748523,0.03247920676825948,0.814497106647973,-0.3623315609550166,-0.11397204308795214
256,ce_ls,4,temp,0.9991897835073847,0.7288685017589224,0.3607738690481294,0.11979518998272277,0.3919125151961915,0.03240932665124105,0.8140174342382018,-0.36197504385018614,-0.11291876547049866
